Id,PositionX,PositionY,IsWorkStation,CanLeftLoad,CanLeftUnload,CanRightLoad,CanRightUnload,IsCharger,CouplerId,ChargeDirection,IsSegmentPoint,CanSpin,PioDirection,IsTR50,InsideSectionId,OffsetX,OffsetY,OffsetTheta,VehicleHeadAngle
20001,6104,5452,TRUE,TRUE,TRUE,FALSE,FALSE,FALSE,None,None,TRUE,FALSE,Left,FALSE,0,0,0,0,0
48002,10300,5452,FALSE,FALSE,FALSE,FALSE,FALSE,FALSE,None,None,TRUE,FALSE,None,FALSE,0,0,0,0,0
20003,13165,5452,TRUE,FALSE,FALSE,TRUE,TRUE,FALSE,None,None,TRUE,FALSE,Right,FALSE,0,0,0,0,0
20004,14970,5452,TRUE,FALSE,FALSE,TRUE,TRUE,FALSE,None,None,TRUE,FALSE,Right,FALSE,0,0,0,0,0
20005,16790,5452,TRUE,FALSE,FALSE,TRUE,TRUE,FALSE,None,None,TRUE,FALSE,Right,FALSE,0,0,0,0,0
20006,18593,5452,TRUE,FALSE,FALSE,TRUE,TRUE,FALSE,None,None,TRUE,FALSE,Right,FALSE,0,0,0,0,0
48007,20500,5452,FALSE,FALSE,FALSE,FALSE,FALSE,FALSE,None,None,TRUE,FALSE,None,FALSE,0,0,0,0,0
20008,24458,5452,TRUE,FALSE,FALSE,TRUE,TRUE,FALSE,None,None,TRUE,FALSE,Right,FALSE,0,0,0,0,0
20009,26274,5452,TRUE,FALSE,FALSE,TRUE,TRUE,FALSE,None,None,TRUE,FALSE,Right,FALSE,0,0,0,0,0
48010,26500,5452,FALSE,FALSE,FALSE,FALSE,FALSE,FALSE,None,None,TRUE,FALSE,None,FALSE,0,0,0,0,0
20011,28080,5452,TRUE,FALSE,FALSE,TRUE,TRUE,FALSE,None,None,TRUE,FALSE,Right,FALSE,0,0,0,0,0
48012,37875,5452,FALSE,FALSE,FALSE,FALSE,FALSE,FALSE,None,None,TRUE,FALSE,None,TRUE,0,0,0,0,0
20013,38197,5452,TRUE,FALSE,FALSE,TRUE,TRUE,FALSE,None,None,TRUE,FALSE,Right,FALSE,0,0,0,0,0
48014,39700,5452,FALSE,FALSE,FALSE,FALSE,FALSE,FALSE,None,None,TRUE,FALSE,None,FALSE,0,0,0,0,0
20015,41045,5452,TRUE,FALSE,FALSE,TRUE,TRUE,FALSE,None,None,TRUE,FALSE,Right,FALSE,0,0,0,0,0
20016,42855,5452,TRUE,FALSE,FALSE,TRUE,TRUE,FALSE,None,None,TRUE,FALSE,Right,FALSE,0,0,0,0,0
20017,44650,5452,TRUE,FALSE,FALSE,TRUE,TRUE,FALSE,None,None,TRUE,FALSE,Right,FALSE,0,0,0,0,0
48018,45900,5452,FALSE,FALSE,FALSE,FALSE,FALSE,FALSE,None,None,TRUE,FALSE,None,FALSE,0,0,0,0,0
20019,46482,5452,TRUE,FALSE,FALSE,TRUE,TRUE,FALSE,None,None,TRUE,FALSE,Right,FALSE,0,0,0,0,0
24020,50265,5452,TRUE,FALSE,FALSE,TRUE,TRUE,TRUE,Couple02,Right,TRUE,FALSE,Right,FALSE,0,0,0,0,0
20021,51545,5452,TRUE,FALSE,FALSE,TRUE,TRUE,FALSE,None,None,TRUE,FALSE,Right,FALSE,0,0,0,0,0
20022,53363,5452,TRUE,FALSE,FALSE,TRUE,TRUE,FALSE,None,None,TRUE,FALSE,Right,FALSE,0,0,0,0,0
48023,54900,5452,FALSE,FALSE,FALSE,FALSE,FALSE,FALSE,None,None,TRUE,FALSE,None,FALSE,0,0,0,0,0
20024,55165,5452,TRUE,FALSE,FALSE,TRUE,TRUE,FALSE,None,None,TRUE,FALSE,Right,FALSE,0,0,0,0,0
20025,56975,5452,TRUE,FALSE,FALSE,TRUE,TRUE,FALSE,None,None,TRUE,FALSE,Right,FALSE,0,0,0,0,0
20026,60530,5452,TRUE,FALSE,FALSE,TRUE,TRUE,FALSE,None,None,TRUE,FALSE,Right,FALSE,0,0,0,0,0
20027,62345,5452,TRUE,FALSE,FALSE,TRUE,TRUE,FALSE,None,None,TRUE,FALSE,Right,FALSE,0,0,0,0,0
48028,62900,5452,FALSE,FALSE,FALSE,FALSE,FALSE,FALSE,None,None,TRUE,FALSE,None,FALSE,0,0,0,0,0
20029,64146,5452,TRUE,FALSE,FALSE,TRUE,TRUE,FALSE,None,None,TRUE,FALSE,Right,FALSE,0,0,0,0,0
20030,65959,5452,TRUE,FALSE,FALSE,TRUE,TRUE,FALSE,None,None,TRUE,FALSE,Right,FALSE,0,0,0,0,0
20031,70136,5452,TRUE,FALSE,FALSE,TRUE,TRUE,FALSE,None,None,TRUE,FALSE,Right,FALSE,0,0,0,0,0
48032,70500,5452,FALSE,FALSE,FALSE,FALSE,FALSE,FALSE,None,None,TRUE,FALSE,None,FALSE,0,0,0,0,0
20033,71924,5452,TRUE,FALSE,FALSE,TRUE,TRUE,FALSE,None,None,TRUE,FALSE,Right,FALSE,0,0,0,0,0
20034,73734,5452,TRUE,FALSE,FALSE,TRUE,TRUE,FALSE,None,None,TRUE,FALSE,Right,FALSE,0,0,0,0,0
48035,75600,5452,FALSE,FALSE,FALSE,FALSE,FALSE,FALSE,None,None,TRUE,FALSE,None,FALSE,0,0,0,0,0
16036,84625,5452,FALSE,FALSE,FALSE,FALSE,FALSE,FALSE,None,None,TRUE,FALSE,None,FALSE,0,0,0,0,0
48037,84625,2000,FALSE,FALSE,FALSE,FALSE,FALSE,FALSE,None,None,TRUE,FALSE,None,FALSE,0,0,0,0,0
20038,79066,2000,TRUE,TRUE,TRUE,FALSE,FALSE,FALSE,None,None,TRUE,FALSE,Left,FALSE,0,0,0,0,0
48039,75600,2000,FALSE,FALSE,FALSE,FALSE,FALSE,FALSE,None,None,TRUE,FALSE,None,FALSE,0,0,0,0,0
28040,73011,2000,TRUE,TRUE,TRUE,FALSE,FALSE,TRUE,Couple01,Left,TRUE,FALSE,Left,FALSE,0,0,0,0,0
48041,70500,2000,FALSE,FALSE,FALSE,FALSE,FALSE,FALSE,None,None,TRUE,FALSE,None,FALSE,0,0,0,0,0
20042,67970,2000,TRUE,TRUE,TRUE,FALSE,FALSE,FALSE,None,None,TRUE,FALSE,Left,FALSE,0,0,0,0,0
20043,64944,2000,TRUE,TRUE,TRUE,FALSE,FALSE,FALSE,None,None,TRUE,FALSE,Left,FALSE,0,0,0,0,0
20044,63134,2000,TRUE,TRUE,TRUE,FALSE,FALSE,FALSE,None,None,TRUE,FALSE,Left,FALSE,0,0,0,0,0
48045,62900,2000,FALSE,FALSE,FALSE,FALSE,FALSE,FALSE,None,None,TRUE,FALSE,None,FALSE,0,0,0,0,0
20046,61324,2000,TRUE,TRUE,TRUE,FALSE,FALSE,FALSE,None,None,TRUE,FALSE,Left,FALSE,0,0,0,0,0
48047,54900,2000,FALSE,FALSE,FALSE,FALSE,FALSE,FALSE,None,None,TRUE,FALSE,None,FALSE,0,0,0,0,0
20048,54882,2000,TRUE,TRUE,TRUE,FALSE,FALSE,FALSE,None,None,TRUE,FALSE,Left,FALSE,0,0,0,0,0
20049,53078,2000,TRUE,TRUE,TRUE,FALSE,FALSE,FALSE,None,None,TRUE,FALSE,Left,FALSE,0,0,0,0,0
20050,51262,2000,TRUE,TRUE,TRUE,FALSE,FALSE,FALSE,None,None,TRUE,FALSE,Left,FALSE,0,0,0,0,0
28051,48411,2000,TRUE,TRUE,TRUE,FALSE,FALSE,TRUE,Couple03,Left,TRUE,FALSE,Left,FALSE,0,0,0,0,0
48052,45900,2000,FALSE,FALSE,FALSE,FALSE,FALSE,FALSE,None,None,TRUE,FALSE,None,FALSE,0,0,0,0,0
20053,43375,2000,TRUE,TRUE,TRUE,FALSE,FALSE,FALSE,None,None,TRUE,FALSE,Left,FALSE,0,0,0,0,0
20054,40363,2000,TRUE,TRUE,TRUE,FALSE,FALSE,FALSE,None,None,TRUE,FALSE,Left,FALSE,0,0,0,0,0
48055,39700,2000,FALSE,FALSE,FALSE,FALSE,FALSE,FALSE,None,None,TRUE,FALSE,None,FALSE,0,0,0,0,0
48056,37885,2000,FALSE,FALSE,FALSE,FALSE,FALSE,FALSE,None,None,TRUE,FALSE,None,TRUE,0,0,0,0,0
48057,33985,2000,FALSE,FALSE,FALSE,FALSE,FALSE,FALSE,None,None,TRUE,FALSE,None,FALSE,0,0,0,0,0
20058,28720,2000,TRUE,TRUE,TRUE,FALSE,FALSE,FALSE,None,None,TRUE,FALSE,Left,FALSE,0,0,0,0,0
20059,26911,2000,TRUE,TRUE,TRUE,FALSE,FALSE,FALSE,None,None,TRUE,FALSE,Left,FALSE,0,0,0,0,0
48060,26500,2000,FALSE,FALSE,FALSE,FALSE,FALSE,FALSE,None,None,TRUE,FALSE,None,FALSE,0,0,0,0,0
20061,25100,2000,TRUE,TRUE,TRUE,FALSE,FALSE,FALSE,None,None,TRUE,FALSE,Left,FALSE,0,0,0,0,0
20062,23290,2000,TRUE,TRUE,TRUE,FALSE,FALSE,FALSE,None,None,TRUE,FALSE,Left,FALSE,0,0,0,0,0
20063,21466,2000,TRUE,TRUE,TRUE,FALSE,FALSE,FALSE,None,None,TRUE,FALSE,Left,FALSE,0,0,0,0,0
48064,20500,2000,FALSE,FALSE,FALSE,FALSE,FALSE,FALSE,None,None,TRUE,FALSE,None,FALSE,0,0,0,0,0
20065,19656,2000,TRUE,TRUE,TRUE,FALSE,FALSE,FALSE,None,None,TRUE,FALSE,Left,FALSE,0,0,0,0,0
28066,16813,2000,TRUE,TRUE,TRUE,FALSE,FALSE,TRUE,Couple04,Left,TRUE,FALSE,Left,FALSE,0,0,0,0,0
20067,11788,2000,TRUE,TRUE,TRUE,FALSE,FALSE,FALSE,None,None,TRUE,FALSE,Left,FALSE,0,0,0,0,0
16068,10300,2000,FALSE,FALSE,FALSE,FALSE,FALSE,FALSE,None,None,TRUE,FALSE,None,FALSE,0,0,0,0,0
16069,31700,4285,FALSE,FALSE,FALSE,FALSE,FALSE,FALSE,None,None,TRUE,FALSE,None,FALSE,0,0,0,0,90
16070,31700,7727,FALSE,FALSE,FALSE,FALSE,FALSE,FALSE,None,None,TRUE,FALSE,None,FALSE,0,0,0,0,90
48071,31700,12017,FALSE,FALSE,FALSE,FALSE,FALSE,FALSE,None,None,TRUE,FALSE,None,FALSE,0,0,0,0,90
16072,31700,17765,FALSE,FALSE,FALSE,FALSE,FALSE,FALSE,None,None,TRUE,FALSE,None,FALSE,0,0,0,0,90
16073,31700,23512,FALSE,FALSE,FALSE,FALSE,FALSE,FALSE,None,None,TRUE,FALSE,None,FALSE,0,0,0,0,90
48074,35600,23512,FALSE,FALSE,FALSE,FALSE,FALSE,FALSE,None,None,TRUE,FALSE,None,FALSE,0,0,0,0,90
20075,35600,22331,TRUE,FALSE,FALSE,TRUE,TRUE,FALSE,None,None,TRUE,FALSE,Right,FALSE,0,0,0,0,90
20076,35600,20394,TRUE,FALSE,FALSE,TRUE,TRUE,FALSE,None,None,TRUE,FALSE,Right,FALSE,0,0,0,0,90
20077,35600,18578,TRUE,FALSE,FALSE,TRUE,TRUE,FALSE,None,None,TRUE,FALSE,Right,FALSE,0,0,0,0,90
48078,35600,12017,FALSE,FALSE,FALSE,FALSE,FALSE,FALSE,None,None,TRUE,FALSE,None,FALSE,0,0,0,0,90
48079,35600,7727,FALSE,FALSE,FALSE,FALSE,FALSE,FALSE,None,None,TRUE,FALSE,None,TRUE,0,0,0,0,90
16080,35600,4285,FALSE,FALSE,FALSE,FALSE,FALSE,FALSE,None,None,TRUE,FALSE,None,TRUE,0,0,0,0,90
48081,5550,5452,FALSE,FALSE,FALSE,FALSE,FALSE,FALSE,None,None,TRUE,FALSE,None,FALSE,0,0,0,0,0
16082,5550,7551,FALSE,FALSE,FALSE,FALSE,FALSE,FALSE,None,None,TRUE,FALSE,None,FALSE,0,0,0,0,0
16083,0,7551,FALSE,FALSE,FALSE,FALSE,FALSE,FALSE,None,None,TRUE,FALSE,None,FALSE,0,0,0,0,0
48084,-5400,7551,FALSE,FALSE,FALSE,FALSE,FALSE,FALSE,None,None,TRUE,FALSE,None,FALSE,0,0,0,0,0
